phase,total_s,mean_ms_per_step,frac_pct
step_bubbles,9.931675,4.286437,43.9842
pressure_projection,8.152743,3.518663,36.1059
conduct_one_step,2.726169,1.176594,12.0733
compute_dt,0.845402,0.364869,3.7440
advect_all,0.436439,0.188364,1.9328
no_slip_post,0.179976,0.077676,0.7971
no_slip_pre,0.114866,0.049575,0.5087
wall_boiling_flux,0.108193,0.046695,0.4792
buoyancy,0.084646,0.036533,0.3749
