phase,total_s,mean_ms_per_step,frac_pct
pressure_projection,14.635383,5.920463,48.5734
step_bubbles,10.492100,4.244377,34.8222
conduct_one_step,3.009498,1.217435,9.9882
compute_dt,0.971038,0.392815,3.2228
advect_all,0.474448,0.191929,1.5746
no_slip_post,0.206653,0.083597,0.6859
no_slip_pre,0.126807,0.051297,0.4209
wall_boiling_flux,0.118365,0.047882,0.3928
buoyancy,0.096181,0.038908,0.3192
