phase,total_s,mean_ms_per_step,frac_pct
step_bubbles,56.284217,4.585272,46.7223
pressure_projection,41.119009,3.349817,34.1334
conduct_one_step,14.419078,1.174670,11.9695
compute_dt,3.837465,0.312624,3.1855
advect_all,2.233760,0.181976,1.8543
no_slip_post,0.919391,0.074899,0.7632
no_slip_pre,0.627343,0.051107,0.5208
wall_boiling_flux,0.573752,0.046742,0.4763
buoyancy,0.451433,0.036777,0.3747
